{
  "model_info": {
    "architecture": "Feedforward Neural Network",
    "input_features": 10,
    "hidden_layer_1": 64,
    "hidden_layer_2": 32,
    "output_classes": 1000,
    "loss_function": "CrossEntropyLoss",
    "optimizer": "Adam (lr=0.001)",
    "epochs": 50,
    "batch_size": 32
  },
  "training_metrics": {
    "accuracy_train": 0.0007727975270479134,
    "accuracy_test": 0.03337453646477132,
    "f1_train": 0.0005781448963967023,
    "f1_test": 0.02847703731510901,
    "train_loss_final": 3.6855093305334083,
    "test_loss_final": 13.979808975668515,
    "training_time_seconds": 31.39956545829773
  },
  "data_splits": {
    "train_samples": 6470,
    "test_samples": 1618,
    "train_percentage": 80.0,
    "test_percentage": 20.0
  },
  "loss_history": {
    "train": [
      6.902343294303406,
      6.613770776194305,
      6.296498239921232,
      6.096104772220104,
      5.933285306827188,
      5.798808461926841,
      5.686737055848972,
      5.589897841655562,
      5.494336264474051,
      5.413736890689493,
      5.335475724318932,
      5.254017545671886,
      5.177467821854089,
      5.113090263798906,
      5.047452973614773,
      4.977983253930002,
      4.921911197342896,
      4.855438110276396,
      4.794367430832586,
      4.7371232215994095,
      4.677492996741986,
      4.629633134221796,
      4.56858296934607,
      4.524047143353617,
      4.471853677862383,
      4.428370762341128,
      4.381616076812368,
      4.338497305151277,
      4.297540923057519,
      4.258624920116857,
      4.213858519868897,
      4.180424953329152,
      4.145508708625004,
      4.114327038450194,
      4.081680350702972,
      4.053123262715457,
      4.018576381241747,
      3.9903090305516287,
      3.9586801681612513,
      3.931591925362648,
      3.9008627689530697,
      3.877724191825378,
      3.852814690820102,
      3.8322818091350235,
      3.8046278272356306,
      3.7832148098593277,
      3.757650384762017,
      3.7350410146666277,
      3.7140342872131047,
      3.6855093305334083
    ],
    "test": [
      6.88776559455722,
      6.83481970020369,
      6.878248953351788,
      6.94585506588805,
      7.001687152712953,
      7.089464935601926,
      7.196735344681085,
      7.298231573665843,
      7.372619423211789,
      7.525546672297459,
      7.6140174024245315,
      7.73458267660702,
      7.836085684159222,
      7.994317606383679,
      8.053835401348039,
      8.209090045854158,
      8.386829348171458,
      8.528609967699238,
      8.628049364276961,
      8.802399943856631,
      8.917937157200832,
      9.102935033686022,
      9.243282897799622,
      9.405949368196374,
      9.602583670148663,
      9.766560517105402,
      9.965699102364335,
      10.102347841449813,
      10.265949165119844,
      10.48648566825717,
      10.6091508584864,
      10.837041032080556,
      10.985570187662162,
      11.134271088768454,
      11.38754212622549,
      11.577754263784371,
      11.691090817544975,
      11.909151628905652,
      12.053672584832883,
      12.219607166215486,
      12.408887171277813,
      12.554998827915565,
      12.802337534287396,
      12.928805725247253,
      13.123686023786956,
      13.312628128949333,
      13.515189096039416,
      13.687821519141103,
      13.804128796446557,
      13.979808975668515
    ]
  }
}